Broad_H2_add_model	narrow	Broad_H2_add_epp_model	trait
0.0816255931339673	0	0.180454327513606	mean.norm.EXT
0.155081030339985	0.108986637316202	0.178786148761904	mean.TOF
0	0	0.052541597561256	norm.n
0.0301872146193661	0	0.0944321561339413	PC1
0.0848678831938192	0	0.31461415650702	PC2
