Trait	PC	loading
mean.norm.EXT	PC1	0.578917508089747
mean.TOF	PC1	0.588653870791673
norm.n	PC1	0.564217280158219
